Prompt,Response,Description,Testcase name,Testcase Name
Generate a robot framework test case for testing to Validate Merchant Is Unable To Process Transaction With More Than Due Amount For LumpSum functionality of the PayNOW datadriver.,"*** Settings ***
Documentation          Test cases for validating that the merchant is unable to process transaction with more than due amount for lump sum functionality of the PayNOW datadriver
Library                SeleniumLibrary

*** Variables ***
${URL}                      https://example.com/paynow
${MERCHANT_DETAILS}         merchant_details

*** Test Cases ***
Validate Unable To Process Transaction With More Than Due Amount For LumpSum
    [Documentation] Test case for validating that the merchant is unable to process transaction with more than due amount for lump sum functionality of the PayNOW datadriver
    Launch PayNow Application ${URL}
    Enter Merchant Details ${MERCHANT_DETAILS}
    Attempt To Process Transaction With More Than Due Amount For LumpSum
    Validate Transaction Failure",This test case checks the validation for processing transaction with more than due amount for lump sum functionality of the PayNOW datadriver.,Validate Unable To Process Transaction With More Than Due Amount For LumpSum,
Generate a robot framework test case for testing to Validate Merchant Is Unable To Process Transaction With More Than Due Amount for Specific Invoice functionality of the PayNOW datadriver.,"*** Settings ***
Documentation          Test cases for validating that the merchant is unable to process transaction with more than due amount for specific invoice functionality of the PayNOW datadriver
Library                SeleniumLibrary

*** Variables ***
${URL}                      https://example.com/paynow
${MERCHANT_DETAILS}         merchant_details

*** Test Cases ***
Validate Unable To Process Transaction With More Than Due Amount for Specific Invoice
    [Documentation] Test case for validating that the merchant is unable to process transaction with more than due amount for specific invoice functionality of the PayNOW datadriver
    Launch PayNow Application ${URL}
    Enter Merchant Details ${MERCHANT_DETAILS}
    Attempt To Process Transaction With More Than Due Amount for Specific Invoice
    Validate Transaction Failure",This test case checks the validation for processing transaction with more than due amount for specific invoice functionality of the PayNOW datadriver.,Validate Unable To Process Transaction With More Than Due Amount for Specific Invoice,
Generate a robot framework test case for testing to Validate Merchant Is Able To View Searched With Customer Number functionality of the PayNOW datadriver.,"*** Settings ***
Documentation          Test cases for validating that the merchant is able to view searched with customer number functionality of the PayNOW datadriver
Library                SeleniumLibrary

*** Variables ***
${URL}                      https://example.com/paynow
${MERCHANT_DETAILS}         merchant_details

*** Test Cases ***
Validate View Searched With Customer Number
    [Documentation] Test case for validating that the merchant is able to view searched with customer number functionality of the PayNOW datadriver
    Launch PayNow Application ${URL}
    Enter Merchant Details ${MERCHANT_DETAILS}
    Search With Customer Number
    Validate Search Results",This test case checks the validation for viewing searched with customer number functionality of the PayNOW datadriver.,Validate View Searched With Customer Number,
Generate a robot framework test case for testing to Validate Merchant Is Unable To Process Transaction With Negative Amount Due In Specific Invoice functionality of the PayNOW datadriver.,"*** Settings ***
Documentation          Test cases for validating that the merchant is unable to process transaction with negative amount due in specific invoice functionality of the PayNOW datadriver
Library                SeleniumLibrary

*** Variables ***
${URL}                      https://example.com/paynow
${MERCHANT_DETAILS}         merchant_details

*** Test Cases ***
Validate Unable To Process Transaction With Negative Amount Due In Specific Invoice
    [Documentation] Test case for validating that the merchant is unable to process transaction with negative amount due in specific invoice functionality of the PayNOW datadriver
    Launch PayNow Application ${URL}
    Enter Merchant Details ${MERCHANT_DETAILS}
    Attempt To Process Transaction With Negative Amount Due In Specific Invoice
    Validate Transaction Failure",This test case checks the validation for processing transaction with negative amount due in specific invoice functionality of the PayNOW datadriver.,Validate Unable To Process Transaction With Negative Amount Due In Specific Invoice,
Generate a robot framework test case for testing to Validate Merchant Is Able To View Surcharge Exempt Is Applied For Customer In Virtual Terminal functionality of the PayNOW datadriver.,"*** Settings ***
Documentation          Test cases for validating that the merchant is able to view surcharge exempt is applied for customer in virtual terminal functionality of the PayNOW datadriver
Library                SeleniumLibrary

*** Variables ***
${URL}                      https://example.com/paynow
${MERCHANT_DETAILS}         merchant_details

*** Test Cases ***
Validate View Surcharge Exempt Is Applied For Customer In Virtual Terminal
    [Documentation] Test case for validating that the merchant is able to view surcharge exempt is applied for customer in virtual terminal functionality of the PayNOW datadriver
    Launch PayNow Application ${URL}
    Enter Merchant Details ${MERCHANT_DETAILS}
    View Surcharge Exempt Status In Virtual Terminal",This test case checks the validation for viewing surcharge exempt is applied for customer in virtual terminal functionality of the PayNOW datadriver.,Validate View Surcharge Exempt Is Applied For Customer In Virtual Terminal,
Generate a robot framework test case for testing to Validate Merchant Is Able To View Surcharge And Change In Total Amount After Selecting Multiple Invoices functionality of the PayNOW datadriver.,"*** Settings ***
Documentation          Test cases for validating that the merchant is able to view surcharge and change in total amount after selecting multiple invoices functionality of the PayNOW datadriver
Library                SeleniumLibrary

*** Variables ***
${URL}                      https://example.com/paynow
${MERCHANT_DETAILS}         merchant_details

*** Test Cases ***
Validate View Surcharge And Change In Total Amount After Selecting Multiple Invoices
    [Documentation] Test case for validating that the merchant is able to view surcharge and change in total amount after selecting multiple invoices functionality of the PayNOW datadriver
    Launch PayNow Application ${URL}
    Enter Merchant Details ${MERCHANT_DETAILS}
    Select Multiple Invoices
    View Surcharge And Total Amount Change",This test case checks the validation for viewing surcharge and change in total amount after selecting multiple invoices functionality of the PayNOW datadriver.,Validate View Surcharge And Change In Total Amount After Selecting Multiple Invoices,
Generate a robot framework test case for testing to Validate Merchant Is Able To View Surcharge Exempt Is Applied For Customer In PayNOW functionality of the PayNOW datadriver.,"*** Settings ***
Documentation          Test cases for validating that the merchant is able to view surcharge exempt is applied for customer in PayNOW functionality of the PayNOW datadriver
Library                SeleniumLibrary

*** Variables ***
${URL}                      https://example.com/paynow
${MERCHANT_DETAILS}         merchant_details

*** Test Cases ***
Validate View Surcharge Exempt Is Applied For Customer In PayNOW
    [Documentation] Test case for validating that the merchant is able to view surcharge exempt is applied for customer in PayNOW functionality of the PayNOW datadriver
    Launch PayNow Application ${URL}
    Enter Merchant Details ${MERCHANT_DETAILS}
    View Surcharge Exempt Status In PayNOW",This test case checks the validation for viewing surcharge exempt is applied for customer in PayNOW functionality of the PayNOW datadriver.,Validate View Surcharge Exempt Is Applied For Customer In PayNOW,
Generate a robot framework test case for testing to Validate Merchant Is Able To Custom Date Range And View Payment Status Summary And Payment Date In Grid functionality of the PayNOW datadriver.,"*** Settings ***
Documentation          Test cases for validating that the merchant is able to custom date range and view payment status summary and payment date in grid functionality of the PayNOW datadriver
Library                SeleniumLibrary

*** Variables ***
${URL}                      https://example.com/paynow
${MERCHANT_DETAILS}         merchant_details

*** Test Cases ***
Validate Custom Date Range And View Payment Status Summary And Payment Date In Grid
    [Documentation] Test case for validating that the merchant is able to custom date range and view payment status summary and payment date in grid functionality of the PayNOW datadriver
    Launch PayNow Application ${URL}
    Enter Merchant Details ${MERCHANT_DETAILS}
    Set Custom Date Range
    View Payment Status Summary And Payment Date In Grid",This test case checks the validation for custom date range and viewing payment status summary and payment date in grid functionality of the PayNOW datadriver.,Validate Custom Date Range And View Payment Status Summary And Payment Date In Grid,
Generate a robot framework test case for testing to Validate Merchant Is Able To View Filtered Invoice In Payment Status functionality of the PayNOW datadriver.,"*** Settings ***
Documentation          Test cases for validating that the merchant is able to view filtered invoice in payment status functionality of the PayNOW datadriver
Library                SeleniumLibrary

*** Variables ***
${URL}                      https://example.com/paynow
${MERCHANT_DETAILS}         merchant_details

*** Test Cases ***
Validate View Filtered Invoice In Payment Status
    [Documentation] Test case for validating that the merchant is able to view filtered invoice in payment status functionality of the PayNOW datadriver
    Launch PayNow Application ${URL}
    Enter Merchant Details ${MERCHANT_DETAILS}
    Apply Invoice Filter
    View Filtered Invoice In Payment Status",This test case checks the validation for viewing filtered invoice in payment status functionality of the PayNOW datadriver.,Validate View Filtered Invoice In Payment Status,
Generate a robot framework test case for testing to Validate Merchant Is Able To View Received Transactions Payment Status And Payment Information (i) In Payment Status functionality of the PayNOW datadriver.,"*** Settings ***
Documentation          Test cases for validating that the merchant is able to view received transactions payment status and payment information (i) in payment status functionality of the PayNOW datadriver
Library                SeleniumLibrary

*** Variables ***
${URL}                      https://example.com/paynow
${MERCHANT_DETAILS}         merchant_details

*** Test Cases ***
Validate View Received Transactions Payment Status And Payment Information (i) In Payment Status
    [Documentation] Test case for validating that the merchant is able to view received transactions payment status and payment information (i) in payment status functionality of the PayNOW datadriver
    Launch PayNow Application ${URL}
    Enter Merchant Details ${MERCHANT_DETAILS}
    View Received Transactions Payment Status And Payment Information (i) In Payment Status",This test case checks the validation for viewing received transactions payment status and payment information (i) in payment status functionality of the PayNOW datadriver.,Validate View Received Transactions Payment Status And Payment Information (i) In Payment Status,
Generate a robot framework test case for testing to Validate Merchant Is Able To View Invoice Details Page By Clicking On Invoice Number In Payment Status functionality of the PayNOW datadriver.,"*** Settings ***
Documentation          Test cases for validating that the merchant is able to view invoice details page by clicking on invoice number in payment status functionality of the PayNOW datadriver
Library                SeleniumLibrary

*** Variables ***
${URL}                      https://example.com/paynow
${MERCHANT_DETAILS}         merchant_details

*** Test Cases ***
Validate View Invoice Details Page By Clicking On Invoice Number In Payment Status
    [Documentation] Test case for validating that the merchant is able to view invoice details page by clicking on invoice number in payment status functionality of the PayNOW datadriver
    Launch PayNow Application ${URL}
    Enter Merchant Details ${MERCHANT_DETAILS}
    Click On Invoice Number In Payment Status
    View Invoice Details Page",This test case checks the validation for viewing invoice details page by clicking on invoice number in payment status functionality of the PayNOW datadriver.,Validate View Invoice Details Page By Clicking On Invoice Number In Payment Status,
Generate a robot framework test case for testing to Validate Merchant Is Able To Navigate To Customer Details From Invoice Summary functionality of the PayNOW datadriver.,"*** Settings ***
Documentation          Test cases for validating that merchant is able to navigate to customer details from invoice summary functionality of the PayNOW datadriver
Library                SeleniumLibrary

*** Variables ***
${URL}                      https://example.com/paynow
${INVOICE_SUMMARY}          invoice_summary
${CUSTOMER_DETAILS}         customer_details

*** Test Cases ***
Validate Navigation To Customer Details
    [Documentation] Test case for validating that merchant is able to navigate to customer details from invoice summary functionality of the PayNOW datadriver
    Launch PayNow Application ${URL}
    Enter Invoice Summary Details ${INVOICE_SUMMARY}
    Click On Customer Name
    Validate Navigation To Customer Details ${CUSTOMER_DETAILS}",This test case checks the validation for navigating to customer details from invoice summary functionality of the PayNOW datadriver.,Validate Navigation To Customer Details,
Generate a robot framework test case for testing to Validate Merchant Is Able To View Email Format Details functionality of the PayNOW datadriver.,"*** Settings ***
Documentation          Test cases for validating that merchant is able to view email format details functionality of the PayNOW datadriver
Library                SeleniumLibrary

*** Variables ***
${URL}                      https://example.com/paynow
${MERCHANT_DETAILS}         merchant_details

*** Test Cases ***
Validate Email Format Details
    [Documentation] Test case for validating that merchant is able to view email format details functionality of the PayNOW datadriver
    Launch PayNow Application ${URL}
    Enter Merchant Details ${MERCHANT_DETAILS}
    Navigate to Email Format Details
    Validate Email Format Details",This test case checks the validation for viewing email format details functionality of the PayNOW datadriver.,,Validate Email Format Details
Generate a robot framework test case for testing to Validate Merchant Is Able To Navigate To Customer Details Page By Clicking on Customer Number functionality of the PayNOW datadriver.,"*** Settings ***
Documentation          Test cases for validating that merchant is able to navigate to customer details page by clicking on customer number functionality of the PayNOW datadriver
Library                SeleniumLibrary

*** Variables ***
${URL}                      https://example.com/paynow
${MERCHANT_DETAILS}         merchant_details

*** Test Cases ***
Validate Navigation to Customer Details by Customer Number
    [Documentation] Test case for validating that merchant is able to navigate to customer details page by clicking on customer number functionality of the PayNOW datadriver
    Launch PayNow Application ${URL}
    Enter Merchant Details ${MERCHANT_DETAILS}
    Click on Customer Number
    Validate Navigation to Customer Details Page",This test case checks the validation for navigating to customer details page by clicking on customer number functionality of the PayNOW datadriver.,,Validate Navigation to Customer Details by Customer Number
Generate a robot framework test case for testing to Validate Merchant Is Able To Navigate To Customer Details Page By Clicking on Customer Name functionality of the PayNOW datadriver.,"*** Settings ***
Documentation          Test cases for validating that merchant is able to navigate to customer details page by clicking on customer name functionality of the PayNOW datadriver
Library                SeleniumLibrary

*** Variables ***
${URL}                      https://example.com/paynow
${MERCHANT_DETAILS}         merchant_details

*** Test Cases ***
Validate Navigation to Customer Details by Customer Name
    [Documentation] Test case for validating that merchant is able to navigate to customer details page by clicking on customer name functionality of the PayNOW datadriver
    Launch PayNow Application ${URL}
    Enter Merchant Details ${MERCHANT_DETAILS}
    Click on Customer Name
    Validate Navigation to Customer Details Page",This test case checks the validation for navigating to customer details page by clicking on customer name functionality of the PayNOW datadriver.,,Validate Navigation to Customer Details by Customer Name
Generate a robot framework test case for testing to Validate Merchant Is Able To View Pdf Attached Status In Email Details functionality of the PayNOW datadriver.,"*** Settings ***
Documentation          Test cases for validating that merchant is able to view pdf attached status in email details functionality of the PayNOW datadriver
Library                SeleniumLibrary

*** Variables ***
${URL}                      https://example.com/paynow
${MERCHANT_DETAILS}         merchant_details

*** Test Cases ***
Validate PDF Attached Status in Email Details
    [Documentation] Test case for validating that merchant is able to view pdf attached status in email details functionality of the PayNOW datadriver
    Launch PayNow Application ${URL}
    Enter Merchant Details ${MERCHANT_DETAILS}
    Navigate to Email Details
    Validate PDF Attached Status",This test case checks the validation for viewing pdf attached status in email details functionality of the PayNOW datadriver.,,Validate PDF Attached Status in Email Details
Generate a robot framework test case for testing to Validate Merchant Is Able To Verify Email Details functionality of the PayNOW datadriver.,"*** Settings ***
Documentation          Test cases for validating that merchant is able to verify email details functionality of the PayNOW datadriver
Library                SeleniumLibrary

*** Variables ***
${URL}                      https://example.com/paynow
${MERCHANT_DETAILS}         merchant_details

*** Test Cases ***
Validate Verification of Email Details
    [Documentation] Test case for validating that merchant is able to verify email details functionality of the PayNOW datadriver
    Launch PayNow Application ${URL}
    Enter Merchant Details ${MERCHANT_DETAILS}
    Navigate to Email Details
    Validate Email Verification",This test case checks the validation for verifying email details functionality of the PayNOW datadriver.,,Validate Verification of Email Details
Generate a robot framework test case for testing to Validate Merchant Is Able To Expand And Collapse Email Details functionality of the PayNOW datadriver.,"*** Settings ***
Documentation          Test cases for validating that Merchant is able to expand and collapse email details functionality of the PayNOW datadriver
Library                SeleniumLibrary

*** Variables ***
${URL}                      https://example.com/paynow
${MERCHANT_DETAILS}         merchant_details
${EMAIL_DETAILS}            email_details

*** Test Cases ***
Validate Expand And Collapse Email Details
    [Documentation] Test case for validating that Merchant is able to expand and collapse email details functionality of the PayNOW datadriver
    Launch PayNow Application ${URL}
    Enter Merchant Details ${MERCHANT_DETAILS}
    Expand Email Details ${EMAIL_DETAILS}
    Collapse Email Details ${EMAIL_DETAILS}",This test case checks the validation for expanding and collapsing email details functionality of the PayNOW datadriver.,Validate Expand And Collapse Email Details,
Generate a robot framework test case for testing to Validate Merchant Is Able To View Email Details In Email Summary functionality of the PayNOW datadriver.,"*** Settings ***
Documentation          Test cases for validating that Merchant is able to view email details in email summary functionality of the PayNOW datadriver
Library                SeleniumLibrary

*** Variables ***
${URL}                      https://example.com/paynow
${MERCHANT_DETAILS}         merchant_details
${EMAIL_SUMMARY}            email_summary

*** Test Cases ***
Validate View Email Details In Email Summary
    [Documentation] Test case for validating that Merchant is able to view email details in email summary functionality of the PayNOW datadriver
    Launch PayNow Application ${URL}
    Enter Merchant Details ${MERCHANT_DETAILS}
    View Email Details In Email Summary ${EMAIL_SUMMARY}",This test case checks the validation for viewing email details in email summary functionality of the PayNOW datadriver.,Validate View Email Details In Email Summary,
Generate a robot framework test case for testing to Validate Merchant Is Able To View Email Details In Next And Previous Page functionality of the PayNOW datadriver.,"*** Settings ***
Documentation          Test cases for validating that Merchant is able to view email details in next and previous page functionality of the PayNOW datadriver
Library                SeleniumLibrary

*** Variables ***
${URL}                      https://example.com/paynow
${MERCHANT_DETAILS}         merchant_details
${EMAIL_PAGE}               email_page

*** Test Cases ***
Validate View Email Details In Next And Previous Page
    [Documentation] Test case for validating that Merchant is able to view email details in next and previous page functionality of the PayNOW datadriver
    Launch PayNow Application ${URL}
    Enter Merchant Details ${MERCHANT_DETAILS}
    View Email Details In Next And Previous Page ${EMAIL_PAGE}",This test case checks the validation for viewing email details in next and previous page functionality of the PayNOW datadriver.,Validate View Email Details In Next And Previous Page,
Generate a robot framework test case for testing to Validate Merchant Is Able To View Email Details In Last And First Page functionality of the PayNOW datadriver.,"*** Settings ***
Documentation          Test cases for validating that Merchant is able to view email details in last and first page functionality of the PayNOW datadriver
Library                SeleniumLibrary

*** Variables ***
${URL}                      https://example.com/paynow
${MERCHANT_DETAILS}         merchant_details
${EMAIL_PAGE}               email_page

*** Test Cases ***
Validate View Email Details In Last And First Page
    [Documentation] Test case for validating that Merchant is able to view email details in last and first page functionality of the PayNOW datadriver
    Launch PayNow Application ${URL}
    Enter Merchant Details ${MERCHANT_DETAILS}
    View Email Details In Last And First Page ${EMAIL_PAGE}",This test case checks the validation for viewing email details in last and first page functionality of the PayNOW datadriver.,Validate View Email Details In Last And First Page,
Generate a robot framework test case for testing to Validate Merchant Is Able To Reset Filter functionality of the PayNOW datadriver.,"*** Settings ***
Documentation          Test cases for validating that Merchant is able to reset filter functionality of the PayNOW datadriver
Library                SeleniumLibrary

*** Variables ***
${URL}                      https://example.com/paynow
${MERCHANT_DETAILS}         merchant_details
${FILTER}                   filter

*** Test Cases ***
Validate Reset Filter
    [Documentation] Test case for validating that Merchant is able to reset filter functionality of the PayNOW datadriver
    Launch PayNow Application ${URL}
    Enter Merchant Details ${MERCHANT_DETAILS}
    Reset Filter ${FILTER}",This test case checks the validation for resetting filter functionality of the PayNOW datadriver.,Validate Reset Filter,
Generate a robot framework test case for testing to Validate Merchant Is Able To View All Active AutoPay Details functionality of the PayNOW datadriver.,"*** Settings *** 
Documentation          Test cases for validating that merchant is able to view all active AutoPay details functionality of the PayNOW datadriver
Library                SeleniumLibrary

*** Variables *** 
${URL}                      https://example.com/paynow
${MERCHANT_DETAILS}         merchant_details
${ACTIVE_AUTOPAY_DETAILS}   active_autopay_details

*** Test Cases *** 
Validate All Active AutoPay Details
    [Documentation] Test case for validating that merchant is able to view all active AutoPay details functionality of the PayNOW datadriver
    Launch PayNow Application ${URL}
    Enter Merchant Details ${MERCHANT_DETAILS}
    Navigate To AutoPay Details Page
    Validate Active AutoPay Details ${ACTIVE_AUTOPAY_DETAILS}",This test case checks the validation for viewing all active AutoPay details for a merchant in the PayNOW datadriver.,Validate All Active AutoPay Details,
Generate a robot framework test case for testing to Validate Merchant Is Able To Filter Auto Pay Details functionality of the PayNOW datadriver.,"*** Settings ***
Documentation          Test cases for validating that merchant is able to filter Auto Pay details functionality of the PayNOW datadriver
Library                SeleniumLibrary

*** Variables ***
${URL}                      https://example.com/paynow
${MERCHANT_DETAILS}         merchant_details
${FILTER_CRITERIA}          filter_criteria
${FILTERED_AUTOPAY_DETAILS} filtered_autopay_details

*** Test Cases ***
Validate Filter Auto Pay Details
    [Documentation] Test case for validating that merchant is able to filter Auto Pay details functionality of the PayNOW datadriver
    Launch PayNow Application ${URL}
    Enter Merchant Details ${MERCHANT_DETAILS}
    Navigate To AutoPay Details Page
    Apply Filter ${FILTER_CRITERIA}
    Validate Filtered AutoPay Details ${FILTERED_AUTOPAY_DETAILS}",This test case checks the validation for filtering Auto Pay details for a merchant in the PayNOW datadriver.,,Validate Filter Auto Pay Details
Generate a robot framework test case for testing to Validate Merchant Is Able To Cancel AutoPay functionality of the PayNOW datadriver.,"*** Settings ***
Documentation          Test cases for validating that merchant is able to cancel AutoPay functionality of the PayNOW datadriver
Library                SeleniumLibrary

*** Variables ***
${URL}                  https://example.com/paynow
${MERCHANT_DETAILS}     merchant_details
${AUTOPAY_TO_CANCEL}    autopay_to_cancel
${CANCELLED_AUTOPAY}    cancelled_autopay

*** Test Cases ***
Validate Cancel AutoPay
    [Documentation] Test case for validating that merchant is able to cancel AutoPay functionality of the PayNOW datadriver
    Launch PayNow Application ${URL}
    Enter Merchant Details ${MERCHANT_DETAILS}
    Navigate To AutoPay Details Page
    Cancel AutoPay ${AUTOPAY_TO_CANCEL}
    Validate AutoPay Cancelled ${CANCELLED_AUTOPAY}",This test case checks the validation for cancelling AutoPay for a merchant in the PayNOW datadriver.,,Validate Cancel AutoPay
Generate a robot framework test case for testing to Validate Merchant Is Able To Navigate To Customer Details Page From Invoice Page functionality of the PayNOW datadriver.,"*** Settings ***
Documentation          Test cases for validating that merchant is able to navigate to customer details page from invoice page functionality of the PayNOW datadriver
Library                SeleniumLibrary

*** Variables ***
${URL}                      https://example.com/paynow
${MERCHANT_DETAILS}         merchant_details
${CUSTOMER_DETAILS_PAGE}    customer_details_page

*** Test Cases ***
Validate Navigation To Customer Details Page
    [Documentation] Test case for validating that merchant is able to navigate to customer details page from invoice page functionality of the PayNOW datadriver
    Launch PayNow Application ${URL}
    Enter Merchant Details ${MERCHANT_DETAILS}
    Navigate To Invoice Page
    Click On Customer Name
    Validate Navigation To Customer Details Page ${CUSTOMER_DETAILS_PAGE}",This test case checks the validation for navigating to customer details page from invoice page functionality of the PayNOW datadriver.,Validate Navigation To Customer Details Page,
Generate a robot framework test case for testing to Validate Merchant Able To Navigate To PayNOW From Invoice Details functionality of the PayNOW datadriver.,"*** Settings ***
Documentation          Test cases for validating that merchant is able to navigate to PayNOW from invoice details functionality of the PayNOW datadriver.
Library                SeleniumLibrary

*** Variables ***
${URL}                  https://example.com/paynow
${MERCHANT_DETAILS}     merchant_details

*** Test Cases ***
Validate Navigation From Invoice Details
    [Documentation] Test case for validating that merchant is able to navigate to PayNOW from invoice details functionality of the PayNOW datadriver.
    Launch PayNow Application ${URL}
    Enter Merchant Details ${MERCHANT_DETAILS}
    Navigate To Invoice Details
    Navigate To PayNOW From Invoice Details",This test case checks the validation for merchant's ability to navigate to PayNOW from invoice details functionality of the PayNOW datadriver.,Validate Navigation From Invoice Details,
Generate a robot framework test case for testing to Validate Merchant Is Able To Navigate To PayNOW From Customer Details functionality of the PayNOW datadriver.,"*** Settings ***
Documentation          Test cases for validating that merchant is able to navigate to PayNOW from customer details functionality of the PayNOW datadriver.
Library                SeleniumLibrary

*** Variables ***
${URL}                  https://example.com/paynow
${MERCHANT_DETAILS}     merchant_details

*** Test Cases ***
Validate Navigation From Customer Details
    [Documentation] Test case for validating that merchant is able to navigate to PayNOW from customer details functionality of the PayNOW datadriver.
    Launch PayNow Application ${URL}
    Enter Merchant Details ${MERCHANT_DETAILS}
    Navigate To Customer Details
    Navigate To PayNOW From Customer Details",This test case checks the validation for merchant's ability to navigate to PayNOW from customer details functionality of the PayNOW datadriver.,Validate Navigation From Customer Details,
Generate a robot framework test case for testing to Validate Merchant Is Able To Navigate To PayNOW From Email functionality of the PayNOW datadriver.,"*** Settings ***
Documentation          Test cases for validating that merchant is able to navigate to PayNOW from email functionality of the PayNOW datadriver.
Library                SeleniumLibrary

*** Variables ***
${URL}                  https://example.com/paynow
${MERCHANT_DETAILS}     merchant_details

*** Test Cases ***
Validate Navigation From Email
    [Documentation] Test case for validating that merchant is able to navigate to PayNOW from email functionality of the PayNOW datadriver.
    Launch PayNow Application ${URL}
    Enter Merchant Details ${MERCHANT_DETAILS}
    Navigate To Email
    Navigate To PayNOW From Email",This test case checks the validation for merchant's ability to navigate to PayNOW from email functionality of the PayNOW datadriver.,Validate Navigation From Email,
Generate a robot framework test case for testing to Validate Merchant Is Able To Search Invoice Details With Invoice Number,"*** Settings ***
Documentation          Validate Merchant Is Able To Search Invoice Details With Invoice Number
Library                SeleniumLibrary

*** Variables ***
${URL}                  https://example.com
${CUSTOMER_DETAILS}     customer_details

*** Test Cases ***
Validate Merchant Is Able To Search Invoice Details With Invoice Number
    [Documentation] Validate Merchant Is Able To Search Invoice Details With Invoice Number
    Launch Application ${URL}
    Enter Customer Details ${CUSTOMER_DETAILS}
    Search Invoice By Invoice Number
    Validate Invoice Details Displayed",This test case checks the validation for merchant's ability to search invoice details with invoice number functionality.,Validate Merchant Is Able To Search Invoice Details With Invoice Number,
Generate a robot framework test case for testing to Validate Merchant Is Able To Search Invoice Details With Customer Number,"*** Settings ***
Documentation          Validate Merchant Is Able To Search Invoice Details With Customer Number
Library                SeleniumLibrary

*** Variables ***
${URL}                  https://example.com
${CUSTOMER_DETAILS}     customer_details

*** Test Cases ***
Validate Merchant Is Able To Search Invoice Details With Customer Number
    [Documentation] Validate Merchant Is Able To Search Invoice Details With Customer Number
    Launch Application ${URL}
    Enter Customer Details ${CUSTOMER_DETAILS}
    Search Invoice By Customer Number
    Validate Invoice Details Displayed",This test case checks the validation for merchant's ability to search invoice details with customer number functionality.,Validate Merchant Is Able To Search Invoice Details With Customer Number,
Generate a robot framework test case for testing to Validate Merchant Is Able To Search With Invoice And Customer Number,"*** Settings ***
Documentation          Validate Merchant Is Able To Search With Invoice And Customer Number
Library                SeleniumLibrary

*** Variables ***
${URL}                  https://example.com
${CUSTOMER_DETAILS}     customer_details

*** Test Cases ***
Validate Merchant Is Able To Search With Invoice And Customer Number
    [Documentation] Validate Merchant Is Able To Search With Invoice And Customer Number
    Launch Application ${URL}
    Enter Customer Details ${CUSTOMER_DETAILS}
    Search Invoice By Invoice And Customer Number
    Validate Invoice Details Displayed",This test case checks the validation for merchant's ability to search with invoice and customer number functionality.,Validate Merchant Is Able To Search With Invoice And Customer Number,
Generate a robot framework test case for testing to Validate Merchant Is Able To View Email Address In Email Detail,"*** Settings ***
Documentation          Validate Merchant Is Able To View Email Address In Email Detail
Library                SeleniumLibrary

*** Variables ***
${URL}                  https://example.com
${CUSTOMER_DETAILS}     customer_details

*** Test Cases ***
Validate Merchant Is Able To View Email Address In Email Detail
    [Documentation] Validate Merchant Is Able To View Email Address In Email Detail
    Launch Application ${URL}
    Enter Customer Details ${CUSTOMER_DETAILS}
    View Email Detail
    Validate Email Address Displayed",This test case checks the validation for merchant's ability to view email address in email detail functionality.,Validate Merchant Is Able To View Email Address In Email Detail,
Generate a robot framework test case for testing to Validate Merchant Is Able To Send Invoice Email From Invoice Details Page functionality of the PayNOW datadriver.,"*** Settings ***
Documentation          Test cases for validating that Merchant Is Able To Send Invoice Email From Invoice Details Page functionality of the PayNOW datadriver
Library                SeleniumLibrary

*** Variables ***
${URL}                  https://example.com/paynow
${MERCHANT_DETAILS}     merchant_details
${INVOICE_DETAILS}      invoice_details

*** Test Cases ***
Validate Sending Invoice Email
    [Documentation] Test case for validating that Merchant Is Able To Send Invoice Email From Invoice Details Page functionality of the PayNOW datadriver
    Launch PayNow Application ${URL}
    Enter Merchant Details ${MERCHANT_DETAILS}
    Navigate to Invoice Details Page
    Click Send Invoice Email
    Validate Email Sent",This test case checks the validation for sending invoice email from invoice details page functionality of the PayNOW datadriver.,Validate Sending Invoice Email,
Generate a robot framework test case for testing to Validate Merchant Is Able To Send Invoice Email Copy From Invoice Details Page functionality of the PayNOW datadriver.,"*** Settings ***
Documentation          Test cases for validating that Merchant Is Able To Send Invoice Email Copy From Invoice Details Page functionality of the PayNOW datadriver
Library                SeleniumLibrary

*** Variables ***
${URL}                  https://example.com/paynow
${MERCHANT_DETAILS}     merchant_details
${INVOICE_DETAILS}      invoice_details

*** Test Cases ***
Validate Sending Invoice Email Copy
    [Documentation] Test case for validating that Merchant Is Able To Send Invoice Email Copy From Invoice Details Page functionality of the PayNOW datadriver
    Launch PayNow Application ${URL}
    Enter Merchant Details ${MERCHANT_DETAILS}
    Navigate to Invoice Details Page
    Click Send Invoice Email Copy
    Validate Email Copy Sent",This test case checks the validation for sending invoice email copy from invoice details page functionality of the PayNOW datadriver.,Validate Sending Invoice Email Copy,
Generate a robot framework test case for testing to Validate Merchant Is Able To Cancel Send Invoice Email Popup functionality of the PayNOW datadriver.,"*** Settings ***
Documentation          Test cases for validating that Merchant Is Able To Cancel Send Invoice Email Popup functionality of the PayNOW datadriver
Library                SeleniumLibrary

*** Variables ***
${URL}                  https://example.com/paynow
${MERCHANT_DETAILS}     merchant_details
${INVOICE_DETAILS}      invoice_details

*** Test Cases ***
Validate Cancelling Send Invoice Email Popup
    [Documentation] Test case for validating that Merchant Is Able To Cancel Send Invoice Email Popup functionality of the PayNOW datadriver
    Launch PayNow Application ${URL}
    Enter Merchant Details ${MERCHANT_DETAILS}
    Navigate to Invoice Details Page
    Click Cancel on Send Invoice Email Popup
    Validate Popup Cancelled",This test case checks the validation for cancelling send invoice email popup functionality of the PayNOW datadriver.,Validate Cancelling Send Invoice Email Popup,
Generate a robot framework test case for testing to Validate Merchant Is Able To Navigate To Virtual Terminal By Clicking On Pay Invoice in Invoice Details Tab functionality of the PayNOW datadriver.,"*** Settings ***
Documentation          Test cases for validating that Merchant Is Able To Navigate To Virtual Terminal By Clicking On Pay Invoice in Invoice Details Tab functionality of the PayNOW datadriver
Library                SeleniumLibrary

*** Variables ***
${URL}                      https://example.com/paynow
${MERCHANT_DETAILS}         merchant_details
${INVOICE_DETAILS}          invoice_details

*** Test Cases ***
Validate Navigation To Virtual Terminal
    [Documentation] Test case for validating that Merchant Is Able To Navigate To Virtual Terminal By Clicking On Pay Invoice in Invoice Details Tab functionality of the PayNOW datadriver
    Launch PayNow Application ${URL}
    Enter Merchant Details ${MERCHANT_DETAILS}
    Navigate to Invoice Details Tab
    Click Pay Invoice
    Validate Navigation to Virtual Terminal",This test case checks the validation for navigating to virtual terminal by clicking on pay invoice in invoice details tab functionality of the PayNOW datadriver.,Validate Navigation To Virtual Terminal,
Generate a robot framework test case for testing to Validate Merchant Is Able Navigate To Invoice Page By Clicking On Customer View in Invoice Details Page functionality of the PayNOW datadriver.,"*** Settings ***
Documentation          Test cases for validating that Merchant Is Able Navigate To Invoice Page By Clicking On Customer View in Invoice Details Page functionality of the PayNOW datadriver
Library                SeleniumLibrary

*** Variables ***
${URL}                      https://example.com/paynow
${MERCHANT_DETAILS}         merchant_details
${INVOICE_DETAILS}          invoice_details

*** Test Cases ***
Validate Navigation To Invoice Page
    [Documentation] Test case for validating that Merchant Is Able Navigate To Invoice Page By Clicking On Customer View in Invoice Details Page functionality of the PayNOW datadriver
    Launch PayNow Application ${URL}
    Enter Merchant Details ${MERCHANT_DETAILS}
    Navigate to Invoice Details Page
    Click Customer View
    Validate Navigation to Invoice Page",This test case checks the validation for navigating to invoice page by clicking on customer view in invoice details page functionality of the PayNOW datadriver.,Validate Navigation To Invoice Page,
Generate a robot framework test case for testing to Validate Merchant Is Able To Navigate To Invoice Details Page From Invoice Page functionality of the PayNOW datadriver.,"*** Settings ***
Documentation          Test cases for validating that Merchant Is Able To Navigate To Invoice Details Page From Invoice Page functionality of the PayNOW datadriver
Library                SeleniumLibrary

*** Variables ***
${URL}                      https://example.com/paynow
${MERCHANT_DETAILS}         merchant_details
${INVOICE_DETAILS}          invoice_details

*** Test Cases ***
Validate Navigation To Invoice Details Page
    [Documentation] Test case for validating that Merchant Is Able To Navigate To Invoice Details Page From Invoice Page functionality of the PayNOW datadriver
    Launch PayNow Application ${URL}
    Enter Merchant Details ${MERCHANT_DETAILS}
    Navigate to Invoice Page
    Click on Invoice
    Validate Navigation to Invoice Details Page",This test case checks the validation for navigating to invoice details page from invoice page functionality of the PayNOW datadriver.,Validate Navigation To Invoice Details Page,
Generate a robot framework test case for testing to Validate Merchant Is Able To Navigate To Customer Details From Invoice Summary functionality of the PayNOW datadriver.,"*** Settings ***
Documentation          Test cases for validating that merchant is able to navigate to customer details from invoice summary functionality of the PayNOW datadriver
Library                SeleniumLibrary

*** Variables ***
${URL}                      https://example.com/paynow
${INVOICE_SUMMARY}          invoice_summary
${CUSTOMER_DETAILS}         customer_details

*** Test Cases ***
Validate Navigation To Customer Details
    [Documentation] Test case for validating that merchant is able to navigate to customer details from invoice summary functionality of the PayNOW datadriver
    Launch PayNow Application ${URL}
    Enter Invoice Summary Details ${INVOICE_SUMMARY}
    Click On Customer Name
    Validate Navigation To Customer Details ${CUSTOMER_DETAILS}",This test case checks the validation for navigating to customer details from invoice summary functionality of the PayNOW datadriver.,Validate Navigation To Customer Details,
Generate a robot framework test case for testing to Validate Merchant Is Able To Navigate To Customer Details Page From Invoice Page functionality of the PayNOW datadriver.,"*** Settings ***
Documentation          Test cases for validating that merchant is able to navigate to customer details page from invoice page functionality of the PayNOW datadriver
Library                SeleniumLibrary

*** Variables ***
${URL}                 https://example.com/paynow
${INVOICE_PAGE}        invoice_page
${CUSTOMER_PAGE}       customer_page

*** Test Cases ***
Validate Navigate to Customer Details Page
    [Documentation] Test case for validating that merchant is able to navigate to customer details page from invoice page functionality of the PayNOW datadriver
    Launch PayNow Application ${URL}
    Go To Invoice Page ${INVOICE_PAGE}
    Navigate To Customer Details Page ${CUSTOMER_PAGE}",This test case checks the validation for navigating to customer details page from invoice page functionality of the PayNOW datadriver.,,Validate Navigate to Customer Details Page
Generate a robot framework test case for testing to Validate Merchant Is Able To View Sent Date And Provider Response Message Of Email functionality of the PayNOW datadriver.,"*** Settings ***
Documentation          Test cases for validating that merchant is able to view sent date and provider response message of email functionality of the PayNOW datadriver
Library                SeleniumLibrary

*** Variables ***
${URL}                 https://example.com/paynow
${EMAIL_PAGE}          email_page
${SENT_DATE}           sent_date
${RESPONSE_MSG}        response_msg

*** Test Cases ***
Validate View Sent Date and Response Message
    [Documentation] Test case for validating that merchant is able to view sent date and provider response message of email functionality of the PayNOW datadriver
    Launch PayNow Application ${URL}
    Go To Email Page ${EMAIL_PAGE}
    Verify Sent Date ${SENT_DATE}
    Verify Provider Response Message ${RESPONSE_MSG}",This test case checks the validation for viewing sent date and provider response message of email functionality of the PayNOW datadriver.,,Validate View Sent Date and Response Message
Generate a robot framework test case for testing to Validate Merchant Is Able To View Subject And Sent Address Of Email functionality of the PayNOW datadriver.,"*** Settings ***
Documentation          Test cases for validating that merchant is able to view subject and sent address of email functionality of the PayNOW datadriver
Library                SeleniumLibrary

*** Variables ***
${URL}                      https://example.com/paynow
${EMAIL_PAGE}               email_page
${SUBJECT}                  subject
${SENT_ADDRESS}             sent_address

*** Test Cases ***
Validate View Subject and Sent Address
    [Documentation] Test case for validating that merchant is able to view subject and sent address of email functionality of the PayNOW datadriver
    Launch PayNow Application ${URL}
    Go To Email Page ${EMAIL_PAGE}
    Verify Email Subject ${SUBJECT}
    Verify Sent Address ${SENT_ADDRESS}",This test case checks the validation for viewing subject and sent address of email functionality of the PayNOW datadriver.,Validate View Subject and Sent Address,
Generate a robot framework test case for testing to Validate Merchant Is Able To View Format Type For Single Invoice functionality of the PayNOW datadriver.,"*** Settings ***
Documentation          Test cases for validating that merchant is able to view format type for single invoice functionality of the PayNOW datadriver
Library                SeleniumLibrary

*** Variables ***
${URL}                      https://example.com/paynow
${INVOICE_PAGE}             invoice_page
${FORMAT_TYPE}              format_type

*** Test Cases ***
Validate View Format Type for Single Invoice
    [Documentation] Test case for validating that merchant is able to view format type for single invoice functionality of the PayNOW datadriver
    Launch PayNow Application ${URL}
    Go To Invoice Page ${INVOICE_PAGE}
    Verify Format Type ${FORMAT_TYPE}",This test case checks the validation for viewing format type for single invoice functionality of the PayNOW datadriver.,Validate View Format Type for Single Invoice,
Generate a robot framework test case for testing to Validate Merchant Is Able To View Format Type For Multiple Invoices functionality of the PayNOW datadriver.,"*** Settings ***
Documentation          Test cases for validating that the merchant is able to view format type for multiple invoices functionality of the PayNOW datadriver
Library                SeleniumLibrary

*** Variables ***
${URL}                      https://example.com/paynow
${INVOICE_PAGE}             invoice_page
${FORMAT_TYPE}              format_type

*** Test Cases ***
Validate View Format Type for Multiple Invoices
    [Documentation] Test case for validating that the merchant is able to view format type for multiple invoices functionality of the PayNOW datadriver
    Launch PayNow Application ${URL}
    Go To Invoice Page ${INVOICE_PAGE}
    Verify Format Type ${FORMAT_TYPE}",This test case checks the validation for viewing format type for multiple invoices functionality of the PayNOW datadriver.,Validate View Format Type for Multiple Invoices,
Generate a robot framework test case for testing to Validate Merchant Is Able To Navigate To Transaction Details From Pending Payments functionality of the PayNOW datadriver.,"*** Settings ***
Documentation          Test cases for validating that merchant is able to navigate to transaction details from pending payments functionality of the PayNOW datadriver
Library                SeleniumLibrary

*** Variables ***
${URL}                      https://example.com/paynow
${PENDING_PAYMENTS}         pending_payments
${TRANSACTION_DETAILS}      transaction_details

*** Test Cases ***
Validate Navigate to Transaction Details from Pending Payments
    [Documentation] Test case for validating that merchant is able to navigate to transaction details from pending payments functionality of the PayNOW datadriver
    Launch PayNow Application ${URL}
    Go To Pending Payments ${PENDING_PAYMENTS}
    Navigate To Transaction Details ${TRANSACTION_DETAILS}",This test case checks the validation for navigating to transaction details from pending payments functionality of the PayNOW datadriver.,Validate Navigate to Transaction Details from Pending Payments,
Generate a robot framework test case for testing to Validate Merchant Is Able To Navigate To Customer Details From Invoice Summary functionality of the PayNOW datadriver.,"*** Settings ***
Documentation          Test cases for validating that merchant is able to navigate to customer details from invoice summary functionality of the PayNOW datadriver
Library                SeleniumLibrary

*** Variables ***
${URL}                      https://example.com/paynow
${INVOICE_SUMMARY}          invoice_summary
${CUSTOMER_DETAILS}         customer_details

*** Test Cases ***
Validate Navigate to Customer Details from Invoice Summary
    [Documentation] Test case for validating that merchant is able to navigate to customer details from invoice summary functionality of the PayNOW datadriver
    Launch PayNow Application ${URL}
    Go To Invoice Summary ${INVOICE_SUMMARY}
    Navigate To Customer Details ${CUSTOMER_DETAILS}",This test case checks the validation for navigating to customer details from invoice summary functionality of the PayNOW datadriver.,Validate Navigate to Customer Details from Invoice Summary,
Generate a robot framework test case for testing to Validate Merchant Is Able To Navigate To Customer Details Page From Invoice Page functionality of the PayNOW datadriver.,"*** Settings ***
Documentation          Test cases for validating that merchant is able to navigate to customer details page from invoice page functionality of the PayNOW datadriver
Library                SeleniumLibrary

*** Variables ***
${URL}                      https://example.com/paynow
${MERCHANT_DETAILS}         merchant_details
${CUSTOMER_DETAILS_PAGE}    customer_details_page

*** Test Cases ***
Validate Navigation To Customer Details Page
    [Documentation] Test case for validating that merchant is able to navigate to customer details page from invoice page functionality of the PayNOW datadriver
    Launch PayNow Application ${URL}
    Enter Merchant Details ${MERCHANT_DETAILS}
    Navigate To Invoice Page
    Click On Customer Name
    Validate Navigation To Customer Details Page ${CUSTOMER_DETAILS_PAGE}",This test case checks the validation for navigating to customer details page from invoice page functionality of the PayNOW datadriver.,Validate Navigation To Customer Details Page,
Generate a robot framework test case for testing to Validate Merchant Is Able To View Sent Date And Provider Response Message Of Email functionality of the PayNOW datadriver.,"*** Settings ***
Documentation          Test cases for validating that merchant is able to view sent date and provider response message of email functionality of the PayNOW datadriver
Library                SeleniumLibrary

*** Variables ***
${URL}                      https://example.com/paynow
${EMAIL_DETAILS}            email_details
${SENT_DATE}                sent_date
${PROVIDER_RESPONSE}        provider_response

*** Test Cases ***
Validate Email Details
    [Documentation] Test case for validating that merchant is able to view sent date and provider response message of email functionality of the PayNOW datadriver
    Launch PayNow Application ${URL}
    Enter Email Details ${EMAIL_DETAILS}
    View Sent Date ${SENT_DATE}
    View Provider Response Message ${PROVIDER_RESPONSE}",This test case checks the validation for viewing sent date and provider response message of email functionality of the PayNOW datadriver.,Validate Email Details,
Generate a robot framework test case for testing to Validate Merchant Is Able To View Subject And Sent Address Of Email functionality of the PayNOW datadriver.,"*** Settings ***
Documentation          Test cases for validating that merchant is able to view subject and sent address of email functionality of the PayNOW datadriver
Library                SeleniumLibrary

*** Variables ***
${URL}                      https://example.com/paynow
${EMAIL_DETAILS}            email_details
${SUBJECT}                  subject
${SENT_ADDRESS}             sent_address

*** Test Cases ***
Validate Email Subject And Sent Address
    [Documentation] Test case for validating that merchant is able to view subject and sent address of email functionality of the PayNOW datadriver
    Launch PayNow Application ${URL}
    Enter Email Details ${EMAIL_DETAILS}
    View Subject ${SUBJECT}
    View Sent Address ${SENT_ADDRESS}",This test case checks the validation for viewing subject and sent address of email functionality of the PayNOW datadriver.,Validate Email Subject And Sent Address,
Generate a robot framework test case for testing to Validate Merchant Is Able To View Format Type For Single Invoice functionality of the PayNOW datadriver.,"*** Settings ***
Documentation          Test cases for validating that merchant is able to view format type for single invoice functionality of the PayNOW datadriver
Library                SeleniumLibrary

*** Variables ***
${URL}                      https://example.com/paynow
${INVOICE_DETAILS}          invoice_details
${FORMAT_TYPE}              format_type

*** Test Cases ***
Validate Single Invoice Format Type
    [Documentation] Test case for validating that merchant is able to view format type for single invoice functionality of the PayNOW datadriver
    Launch PayNow Application ${URL}
    Enter Invoice Details ${INVOICE_DETAILS}
    View Format Type ${FORMAT_TYPE}",This test case checks the validation for viewing format type for single invoice functionality of the PayNOW datadriver.,Validate Single Invoice Format Type,
Generate a robot framework test case for testing to Validate Merchant Is Able To View Format Type For Multiple Invoices functionality of the PayNOW datadriver.,"*** Settings ***
Documentation          Test cases for validating that merchant is able to view format type for multiple invoices functionality of the PayNOW datadriver
Library                SeleniumLibrary

*** Variables ***
${URL}                      https://example.com/paynow
${INVOICE_DETAILS}          invoice_details
${FORMAT_TYPE}              format_type

*** Test Cases ***
Validate Multiple Invoices Format Type
    [Documentation] Test case for validating that merchant is able to view format type for multiple invoices functionality of the PayNOW datadriver
    Launch PayNow Application ${URL}
    Enter Invoice Details ${INVOICE_DETAILS}
    View Format Type ${FORMAT_TYPE}",This test case checks the validation for viewing format type for multiple invoices functionality of the PayNOW datadriver.,Validate Multiple Invoices Format Type,
Generate a robot framework test case for testing to Validate Merchant Is Able To Navigate To Transaction Details From Pending Payments functionality of the PayNOW datadriver.,"*** Settings ***
Documentation          Test cases for validating that merchant is able to navigate to transaction details from pending payments functionality of the PayNOW datadriver
Library                SeleniumLibrary

*** Variables ***
${URL}                      https://example.com/paynow
${PENDING_PAYMENTS}         pending_payments
${TRANSACTION_DETAILS}      transaction_details

*** Test Cases ***
Validate Navigation To Transaction Details
    [Documentation] Test case for validating that merchant is able to navigate to transaction details from pending payments functionality of the PayNOW datadriver
    Launch PayNow Application ${URL}
    Enter Pending Payments Details ${PENDING_PAYMENTS}
    Click On Transaction Details
    Validate Navigation To Transaction Details ${TRANSACTION_DETAILS}",This test case checks the validation for navigating to transaction details from pending payments functionality of the PayNOW datadriver.,Validate Navigation To Transaction Details,
Generate a robot framework test case for testing to Validate Merchant Is Able To Navigate To Customer Details From Invoice Summary functionality of the PayNOW datadriver.,"*** Settings ***
Documentation          Test cases for validating that merchant is able to navigate to customer details from invoice summary functionality of the PayNOW datadriver
Library                SeleniumLibrary

*** Variables ***
${URL}                      https://example.com/paynow
${INVOICE_SUMMARY}          invoice_summary
${CUSTOMER_DETAILS}         customer_details

*** Test Cases ***
Validate Navigation To Customer Details
    [Documentation] Test case for validating that merchant is able to navigate to customer details from invoice summary functionality of the PayNOW datadriver
    Launch PayNow Application ${URL}
    Enter Invoice Summary Details ${INVOICE_SUMMARY}
    Click On Customer Name
    Validate Navigation To Customer Details ${CUSTOMER_DETAILS}",This test case checks the validation for navigating to customer details from invoice summary functionality of the PayNOW datadriver.,Validate Navigation To Customer Details,
Generate a robot framework test case for testing to Validate Merchant Is Able to Expand And Collapse Invoice Details functionality of the PayNOW datadriver.,"*** Settings ***
Documentation          Test cases for validating that merchant is able to expand and collapse invoice details functionality of the PayNOW datadriver
Library                SeleniumLibrary

*** Variables ***
${URL}                      https://example.com/paynow
${MERCHANT_DETAILS}         merchant_details
${INVOICE_DETAILS}          invoice_details

*** Test Cases ***
Validate Expand And Collapse Invoice Details
    [Documentation] Test case for validating that merchant is able to expand and collapse invoice details functionality of the PayNOW datadriver
    Launch PayNow Application ${URL}
    Enter Merchant Details ${MERCHANT_DETAILS}
    Expand Invoice Details
    Validate Invoice Details Expanded ${INVOICE_DETAILS}
    Collapse Invoice Details
    Validate Invoice Details Collapsed ${INVOICE_DETAILS}",This test case checks the validation for expanding and collapsing invoice details functionality of the PayNOW datadriver.,Validate Expand And Collapse Invoice Details,
Generate a robot framework test case for testing to Validate Merchant Is Able To Enable Only show past due invoices functionality of the PayNOW datadriver.,"*** Settings ***
Documentation          Test cases for validating that merchant is able to enable only show past due invoices functionality of the PayNOW datadriver
Library                SeleniumLibrary

*** Variables ***
${URL}                      https://example.com/paynow
${MERCHANT_DETAILS}         merchant_details
${PAST_DUE_INVOICES}        past_due_invoices

*** Test Cases ***
Validate Enable Only Show Past Due Invoices
    [Documentation] Test case for validating that merchant is able to enable only show past due invoices functionality of the PayNOW datadriver
    Launch PayNow Application ${URL}
    Enter Merchant Details ${MERCHANT_DETAILS}
    Enable Only Show Past Due Invoices
    Validate Only Past Due Invoices Shown ${PAST_DUE_INVOICES}",This test case checks the validation for enabling only show past due invoices functionality of the PayNOW datadriver.,Validate Enable Only Show Past Due Invoices,
Generate a robot framework test case for testing to Validate Merchant Is Able To View Invoices In Next And Previous Page functionality of the PayNOW datadriver.,"*** Settings ***
Documentation          Test cases for validating that merchant is able to view invoices in next and previous page functionality of the PayNOW datadriver
Library                SeleniumLibrary

*** Variables ***
${URL}                      https://example.com/paynow
${MERCHANT_DETAILS}         merchant_details
${INVOICES_PAGE}            invoices_page

*** Test Cases ***
Validate View Invoices In Next And Previous Page
    [Documentation] Test case for validating that merchant is able to view invoices in next and previous page functionality of the PayNOW datadriver
    Launch PayNow Application ${URL}
    Enter Merchant Details ${MERCHANT_DETAILS}
    Navigate To Next Page
    Validate Invoices In Next Page ${INVOICES_PAGE}
    Navigate To Previous Page
    Validate Invoices In Previous Page ${INVOICES_PAGE}",This test case checks the validation for viewing invoices in next and previous page functionality of the PayNOW datadriver.,Validate View Invoices In Next And Previous Page,
Generate a robot framework test case for testing to Validate Merchant Is Able To View Invoices In Last And First Page functionality of the PayNOW datadriver.,"*** Settings ***
Documentation          Test cases for validating that merchant is able to view invoices in last and first page functionality of the PayNOW datadriver
Library                SeleniumLibrary

*** Variables ***
${URL}                      https://example.com/paynow
${MERCHANT_DETAILS}         merchant_details
${INVOICES_PAGE}            invoices_page

*** Test Cases ***
Validate View Invoices In Last And First Page
    [Documentation] Test case for validating that merchant is able to view invoices in last and first page functionality of the PayNOW datadriver
    Launch PayNow Application ${URL}
    Enter Merchant Details ${MERCHANT_DETAILS}
    Click Last Page Link
    Validate Last Page Invoices Displayed ${INVOICES_PAGE}
    Click First Page Link
    Validate First Page Invoices Displayed ${INVOICES_PAGE}",This test case checks the validation for viewing invoices in last and first page functionality of the PayNOW datadriver.,Validate View Invoices In Last And First Page,
Generate a robot framework test case for testing to Validate Merchant Is Able To Filter Invoice Data In Invoice Details Grid functionality of the PayNOW datadriver.,"*** Settings ***
Documentation          Test cases for validating that merchant is able to filter invoice data in invoice details grid functionality of the PayNOW datadriver
Library                SeleniumLibrary

*** Variables ***
${URL}                      https://example.com/paynow
${MERCHANT_DETAILS}         merchant_details
${INVOICE_FILTER}           invoice_filter

*** Test Cases ***
Validate Filter Invoice Data
    [Documentation] Test case for validating that merchant is able to filter invoice data in invoice details grid functionality of the PayNOW datadriver
    Launch PayNow Application ${URL}
    Enter Merchant Details ${MERCHANT_DETAILS}
    Apply Invoice Filter ${INVOICE_FILTER}
    Validate Filtered Invoice Data Displayed ${INVOICE_FILTER}",This test case checks the validation for filtering invoice data in invoice details grid functionality of the PayNOW datadriver.,Validate Filter Invoice Data,
Generate a robot framework test case for testing to Validate Merchant Is Able To View The Email Clicked Date And Count When It Is Clicked functionality of the PayNOW datadriver.,"*** Settings ***
Documentation          Test cases for validating that merchant is able to view the email clicked date and count when it is clicked functionality of the PayNOW datadriver
Library                SeleniumLibrary

*** Variables ***
${URL}                      https://example.com/paynow
${MERCHANT_DETAILS}         merchant_details
${EMAIL_CLICKED}            email_clicked

*** Test Cases ***
Validate View Email Clicked Date And Count
    [Documentation] Test case for validating that merchant is able to view the email clicked date and count when it is clicked functionality of the PayNOW datadriver
    Launch PayNow Application ${URL}
    Enter Merchant Details ${MERCHANT_DETAILS}
    Click Email Clicked Date Link
    Validate Email Clicked Date And Count Displayed ${EMAIL_CLICKED}",This test case checks the validation for viewing the email clicked date and count when it is clicked functionality of the PayNOW datadriver.,Validate View Email Clicked Date And Count,
Generate a robot framework test case for testing to Validate Merchant Is Able To View Line Items Details functionality of the PayNOW datadriver.,"*** Settings ***
Documentation          Test cases for validating that merchant is able to view line items details functionality of the PayNOW datadriver
Library                SeleniumLibrary

*** Variables ***
${URL}                      https://example.com/paynow
${MERCHANT_DETAILS}         merchant_details
${LINE_ITEMS}               line_items

*** Test Cases ***
Validate View Line Items Details
    [Documentation] Test case for validating that merchant is able to view line items details functionality of the PayNOW datadriver
    Launch PayNow Application ${URL}
    Enter Merchant Details ${MERCHANT_DETAILS}
    Click Line Items Link
    Validate Line Items Details Displayed ${LINE_ITEMS}",This test case checks the validation for viewing line items details functionality of the PayNOW datadriver.,Validate View Line Items Details,
Generate a robot framework test case for testing to Validate Merchant Is Able To View Tracking Details functionality of the PayNOW datadriver.,"*** Settings ***
Documentation          Test cases for validating that merchant is able to view tracking details functionality of the PayNOW datadriver
Library                SeleniumLibrary

*** Variables ***
${URL}                      https://example.com/paynow
${MERCHANT_DETAILS}         merchant_details
${TRACKING_DETAILS}         tracking_details

*** Test Cases ***
Validate View Tracking Details
    [Documentation] Test case for validating that merchant is able to view tracking details functionality of the PayNOW datadriver
    Launch PayNow Application ${URL}
    Enter Merchant Details ${MERCHANT_DETAILS}
    Click Tracking Details Link
    Validate Tracking Details Displayed ${TRACKING_DETAILS}",This test case checks the validation for viewing tracking details functionality of the PayNOW datadriver.,Validate View Tracking Details,
Generate a robot framework test case for testing to Validate Merchant Is Able To View Financial Payments Details functionality of the PayNOW datadriver.,"*** Settings ***
Documentation          Test cases for validating that merchant is able to view financial payments details functionality of the PayNOW datadriver
Library                SeleniumLibrary

*** Variables ***
${URL}                      https://example.com/paynow
${MERCHANT_DETAILS}         merchant_details
${FINANCIAL_PAYMENTS}       financial_payments

*** Test Cases ***
Validate View Financial Payments Details
    [Documentation] Test case for validating that merchant is able to view financial payments details functionality of the PayNOW datadriver
    Launch PayNow Application ${URL}
    Enter Merchant Details ${MERCHANT_DETAILS}
    Click Financial Payments Link
    Validate Financial Payments Details Displayed ${FINANCIAL_PAYMENTS}",This test case checks the validation for viewing financial payments details functionality of the PayNOW datadriver.,Validate View Financial Payments Details,
Generate a robot framework test case for testing to Validate Merchant Is Able To View Pending Payments Details functionality of the PayNOW datadriver.,"*** Settings ***
Documentation          Test cases for validating that merchant is able to view pending payments details functionality of the PayNOW datadriver
Library                SeleniumLibrary

*** Variables ***
${URL}                      https://example.com/paynow
${MERCHANT_DETAILS}         merchant_details
${PENDING_PAYMENTS}         pending_payments

*** Test Cases ***
Validate View Pending Payments Details
    [Documentation] Test case for validating that merchant is able to view pending payments details functionality of the PayNOW datadriver
    Launch PayNow Application ${URL}
    Enter Merchant Details ${MERCHANT_DETAILS}
    Click Pending Payments Link
    Validate Pending Payments Details Displayed ${PENDING_PAYMENTS}",This test case checks the validation for viewing pending payments details functionality of the PayNOW datadriver.,Validate View Pending Payments Details,
